{
  "loss": [
    0.00206382037140429,
    0.0018621289636939764,
    0.0015109183732420206,
    0.0012761428952217102,
    0.0011317257303744555,
    0.0010299523128196597,
    0.0009876122931018472,
    0.0009723924449644983,
    0.0009524952620267868,
    0.0009186914539895952,
    0.0009127288358286023,
    0.0008829270373098552,
    0.0008807193371467292,
    0.0009065940394066274,
    0.0008579514687880874,
    0.0008555753738619387,
    0.0008486252627335489,
    0.0008417674689553678,
    0.0008291536360047758,
    0.0008423174149356782,
    0.0008222675533033907,
    0.0008172717061825097,
    0.000797552929725498,
    0.0007934332243166864,
    0.0007964003598317504,
    0.0007934579625725746,
    0.0007887022802606225,
    0.0007849946850910783
  ],
  "mae": [
    0.005993562284857035,
    0.005154258571565151,
    0.005378530360758305,
    0.004151318687945604,
    0.0034006726928055286,
    0.0030703924130648375,
    0.0033069744240492582,
    0.0029825291130691767,
    0.003189136739820242,
    0.002911630319431424,
    0.0027651351410895586,
    0.002847352996468544,
    0.0025665422435849905,
    0.003203434171155095,
    0.002838130109012127,
    0.002615130040794611,
    0.002574235899373889,
    0.0028054651338607073,
    0.002595406025648117,
    0.0025855109561234713,
    0.002867348026484251,
    0.0027046615723520517,
    0.002325296401977539,
    0.0023151712957769632,
    0.0023817638866603374,
    0.002611100673675537,
    0.002347865840420127,
    0.002347372705116868
  ],
  "rmse": [
    0.1285230666399002,
    0.11434214562177658,
    0.09634945541620255,
    0.09023161977529526,
    0.08358056098222733,
    0.08082357794046402,
    0.07930612564086914,
    0.07922724634408951,
    0.07895935326814651,
    0.07746930420398712,
    0.07708928734064102,
    0.07624000310897827,
    0.07572323828935623,
    0.07650963962078094,
    0.07520119100809097,
    0.07522057741880417,
    0.07437124103307724,
    0.07421711087226868,
    0.07357888668775558,
    0.07422754168510437,
    0.07327485829591751,
    0.07283936440944672,
    0.07228048145771027,
    0.07211848348379135,
    0.07207350432872772,
    0.07175416499376297,
    0.07185178250074387,
    0.07159659266471863
  ],
  "val_loss": [
    0.0006093882257118821,
    0.0007446336094290018,
    0.0005451528704725206,
    0.0005601550219580531,
    0.000577302766032517,
    0.0006043282337486744,
    0.0005676467553712428,
    0.000587702146731317,
    0.0005545259919017553,
    0.0005667142104357481,
    0.0005501604755409062,
    0.0005924546858295798,
    0.0005497618112713099,
    0.0005732860299758613,
    0.0005713192513212562,
    0.0005804827087558806,
    0.0006071997922845185,
    0.000571536656934768,
    0.0005818892386741936,
    0.0006000173161737621,
    0.0006208203849382699,
    0.0005838224315084517,
    0.0005814458127133548,
    0.0005697336164303124,
    0.0006115014548413455,
    0.0005667839432135224,
    0.0005923006101511419,
    0.0005704512004740536
  ],
  "val_mae": [
    0.0030539112631231546,
    0.003076571272686124,
    0.0022265627048909664,
    0.0020360080525279045,
    0.0018764339620247483,
    0.0020437289495021105,
    0.002221867674961686,
    0.0024482617154717445,
    0.002433108864352107,
    0.0018306958954781294,
    0.0019476072629913688,
    0.0017777645261958241,
    0.0020928988233208656,
    0.0026061295066028833,
    0.0018956463318318129,
    0.0016359249129891396,
    0.0021546136122196913,
    0.0016919841291382909,
    0.0018593257991597056,
    0.0017173360101878643,
    0.0023949157912284136,
    0.0017852711025625467,
    0.0017595302779227495,
    0.0016535359900444746,
    0.0017286620568484068,
    0.0018935169791802764,
    0.0018691436853259802,
    0.001818895572796464
  ],
  "val_rmse": [
    0.06341269612312317,
    0.06554612517356873,
    0.06411943584680557,
    0.0643167793750763,
    0.06480468809604645,
    0.06583298742771149,
    0.06497311592102051,
    0.06574883311986923,
    0.06483288109302521,
    0.06521338224411011,
    0.06492239236831665,
    0.06615456938743591,
    0.06496087461709976,
    0.06560463458299637,
    0.06561178714036942,
    0.06588423997163773,
    0.06672242283821106,
    0.0656638890504837,
    0.065938800573349,
    0.06649571657180786,
    0.06706788390874863,
    0.06596551835536957,
    0.06595495343208313,
    0.0655466690659523,
    0.06676369905471802,
    0.06541958451271057,
    0.06629947572946548,
    0.06558474153280258
  ],
  "learning_rate": [
    0.0010000000474974513,
    0.0010000000474974513,
    0.0010000000474974513,
    0.0010000000474974513,
    0.0010000000474974513,
    0.0010000000474974513,
    0.0010000000474974513,
    0.0010000000474974513,
    0.0010000000474974513,
    0.0010000000474974513,
    0.0010000000474974513,
    0.0005000000237487257,
    0.0005000000237487257,
    0.0005000000237487257,
    0.0005000000237487257,
    0.0005000000237487257,
    0.0005000000237487257,
    0.0005000000237487257,
    0.0005000000237487257,
    0.0005000000237487257,
    0.0005000000237487257,
    0.0005000000237487257,
    0.0002500000118743628,
    0.0002500000118743628,
    0.0002500000118743628,
    0.0002500000118743628,
    0.0002500000118743628,
    0.0002500000118743628
  ]
}